{"cameraMode":{"drawMode":0,"name":"Shaded","section":"Shading Mode"},"sceneLighting":false,"audioPlay":false,"sceneViewState":{"showFog":false,"showMaterialUpdate":false,"showSkybox":false,"showFlares":false,"showImageEffects":false,"showParticleSystems":false},"in2DMode":false,"pivot":{"x":-8.090015411376954,"y":9.020000457763672,"z":99.37000274658203},"rotation":{"x":0.4742888808250427,"y":0.0264036376029253,"z":-0.014232947491109372,"w":0.8798581957817078},"size":2.8578836917877199,"orthographic":false}