{"cameraMode":{"drawMode":0,"name":"Shaded","section":"Shading Mode"},"sceneLighting":false,"audioPlay":false,"sceneViewState":{"showFog":false,"showMaterialUpdate":false,"showSkybox":false,"showFlares":false,"showImageEffects":false,"showParticleSystems":false},"in2DMode":false,"pivot":{"x":3.7318637371063234,"y":7.619999885559082,"z":102.9452896118164},"rotation":{"x":0.30410242080688479,"y":0.00486003328114748,"z":-0.0015515013365074993,"w":0.9526257514953613},"size":2.857884645462036,"orthographic":false}