{"cameraMode":{"drawMode":0,"name":"Shaded","section":"Shading Mode"},"sceneLighting":true,"audioPlay":false,"sceneViewState":{"showFog":false,"showMaterialUpdate":false,"showSkybox":false,"showFlares":false,"showImageEffects":false,"showParticleSystems":false},"in2DMode":false,"pivot":{"x":2.633631944656372,"y":-4.6299285888671879,"z":105.06696319580078},"rotation":{"x":0.48677974939346316,"y":0.08231017738580704,"z":-0.04613814502954483,"w":0.8684133887290955},"size":31.511499404907228,"orthographic":false}