{"cameraMode":{"drawMode":0,"name":"Shaded","section":"Shading Mode"},"sceneLighting":false,"audioPlay":false,"sceneViewState":{"showFog":true,"showMaterialUpdate":true,"showSkybox":true,"showFlares":true,"showImageEffects":true,"showParticleSystems":true},"in2DMode":false,"pivot":{"x":0.6363716125488281,"y":0.9084415435791016,"z":10.600000381469727},"rotation":{"x":-0.11312616616487503,"y":0.6908181309700012,"z":-0.11077515035867691,"w":-0.7054797410964966},"size":2.8578836917877199,"orthographic":false}